"name","id"
Budapest,1
Budapest-Déli,2
Budapest-Kelenföld,3
Budaörs,4
Biatorbágy,5
Herceghalom,6
Bicske,7
Szár,8
Szárliget,9
Alsógalla,11
Tatabánya,12
Vértesszőlős,13
Tóvároskert,14
Tata,15
Almásfüzitő,16
Almásfüzitő felső,17
Szőny,18
Komárom,20
Ács,21
Nagyszentjános,22
Győrszentiván,23
Győr-Gyárváros,24
Győr,26
Abda,27
Öttevény,28
Lébény-Mosonszentmiklós,29
Kimle-Károlyháza,30
Mosonmagyaróvár,31
Levél,32
Óbuda,35
Üröm,36
Solymár,37
Pilisvörösvár,38
Klotildliget,39
Piliscsaba,40
Pilisjászfalu,41
Leányvár,42
Dorog,43
Esztergom-Kertváros,44
Esztergom,45
Dunaalmás,46
Neszmély,47
Süttő,48
Piszke,49
Lábatlan,50
Eternitgyár,51
Nyergesújfalu felső,52
Nyergesújfalu,53
Tokod,55
Környe,63
Kecskéd alsó,64
Oroszlány,65
Győrszabadhegy,83
Ménfőcsanak felső,84
Ménfőcsanak,85
Győrszemere,86
Halipuszta,87
Gyömöre-Tét,88
Gyömöre,89
Szerecseny,90
Gecse-Gyarmat,91
Vaszar,92
Pápa,93
Mezőlak,94
Mihályháza,95
Vinár,96
Külsővat,97
Celldömölk,98
Kemenesmihályfa,99
Nagysimonyi,100
Ostffyasszonyfa,101
Sárvár,102
Szombathely-Szőlős,106
Ják-Balogunyom,107
Egyházasrádóc,108
Körmend,109
Csákánydoroszló,110
Rátót,111
Alsórönök,112
Szentgotthárd,113
Győr GySEV,130
Ikrény,131
Rábapatona,132
Enese,133
Kóny,134
Farád,137
Rábatamási,138
Szárföld,139
Veszkény,140
Kapuvár,141
Vitnyéd-Csermajor,142
Petőháza,144
Fertőszentmiklós,145
Pinnye,146
Fertőboz,147
Sopron,149
Fertőszéplak-Fertőd,152
Nyúl,155
Pannonhalma,157
Tarjánpuszta,158
Győrasszonyfa,159
Veszprémvarsány,160
Bakonyszentlászló,161
Porva-Csesznek,162
Zirc,163
Eplény,165
Marcaltő,166
Szany-Rábaszentandrás,167
Egyed-Rábacsanak,168
Rábapordány,169
Albertfalva,170
Budafok,171
Tétényliget,173
Érd alsó,174
Tárnok,175
Martonvásár,176
Baracska,177
Pettend,178
Kápolnásnyék,179
Velence,180
Velencefürdő,181
Gárdony,182
Agárd,183
Székesfehérvár,185
Szabadbattyán,186
Kiscséripuszta,187
Lepsény,188
Balatonaliga,189
Balatonvilágos,190
Szabadifürdő,191
Szabadisóstó,192
Siófok,193
Balatonszéplak felső,194
Balatonszéplak alsó,195
Zamárdi felső,196
Zamárdi,197
Szántód-Kőröshegy,198
Balatonföldvár,199
Balatonszárszó,200
Balatonszemes,201
Balatonlelle felső,202
Balatonlelle,203
Fonyódliget,204
Balatonboglár,205
Balatonfenyves alsó,206
Fonyód,207
Bélatelep,208
Alsóbélatelep,209
Balatonfenyves,210
Balatonmáriafürdő,212
Balatonberény,213
Balatonszentgyörgy,214
Vörs,215
Sávoly,216
Zalaszentjakab,217
Nagyrécse,218
Nagykanizsa,219
Fityeház,220
Murakeresztúr,221
Zalakomár,222
Bodajk,227
Csókakő,229
Mór,230
Bakonysárkány,232
Kisbér,233
Nagyigmánd-Bábolna,236
Szőny-Déli,238
Várpalota,242
Pétfürdő,246
Hajmáskér,247
Veszprém,248
Herend,249
Szentgál,250
Városlőd,251
Városlőd-Kislőd,252
Ajka,253
Ajka-Gyártelep,254
Devecser,256
Somlóvásárhely,257
Tüskevár,258
Karakószörcsök,259
Kerta,260
Boba,261
Börgönd,262
Belsőbáránd,263
Aba-Sárkeresztúr,265
Zichyújfalu,274
Seregélyes,275
Polgárdi-Ipartelepek,276
Polgárdi,277
Füle,278
Zánkafürdő,279
Csajág,280
Balatonakarattya,281
Balatonkenese,283
Balatonfűzfő,284
Balatonalmádi,285
Káptalanfüred,286
Alsóörs,287
Csopak,288
Balatonarács,289
Balatonfüred,290
Aszófő,291
Örvényes,292
Balatonudvari,293
Fövenyes,294
Balatonakali-Dörgicse,295
Zánka-Köveskál,296
Balatonszepezd,297
Szepezdfürdő,298
Révfülöp,299
Balatonrendes,300
Ábrahámhegy,301
Badacsonyörs,302
Badacsonytomaj,303
Badacsony,304
Badacsonylábdihegy,305
Badacsonytördemic-Szigliget,306
Nemesgulács-Kisapáti,307
Tapolca,308
Lesencetomaj,310
Uzsabánya alsó,311
Uzsa,312
Sümegi Bazaltbánya,314
Sümeg,315
Gógánfa,316
Ukk,317
Nemeskeresztúr,318
Jánosháza,319
Fenékpuszta,322
Keszthely,323
Alsógyenes,324
Gyenesdiás,325
Vonyarcvashegy,326
Balatongyörök,327
Becehegy,328
Balatonederics,329
Dabronc,330
Türje,332
Zalabér-Batyk,333
Pakod,334
Pókaszepetk,335
Kemendollár,336
Zalaegerszeg,337
Bocfölde,338
Sárhida,339
Bak,340
Tófej,341
Gutorfölde,342
Csömödér-Páka,343
Iklódbördőce,344
Lenti,345
Rédics,346
Zalalövő,349
Zalaegerszeg-Ola,350
Andráshida,351
Bagod,352
Zalaszentgyörgy,353
Zalacséb-Salomvár,354
Kópháza,356
Nagycenk,357
Sopronkövesd,359
Lövő,360
Újkér,362
Bük,363
Acsád,364
Salköveskút-Vassurány,365
Alsónemesapáti,375
Nagykapornak,376
Búcsúszentlászló,377
Zalaszentmihály-Pacsa,378
Pötréte,379
Felsőrajk,380
Gelse,382
Újudvar,385
Belezna,390
Őrtilos,391
Zákány,392
Berzence,393
Somogyudvarhely,394
Bélavár,395
Vízvár,396
Babócsa,397
Péterhida-Komlósd,398
Barcs,400
Barcs felső,401
Középrigóc,402
Darány,403
Kisdobsza,404
Nemeske,405
Molvány,406
Szigetvár,407
Nagypeterd,409
Szentdénes,410
Háros,411
Nagytétény-Diósd,412
Érdliget,413
Érd felső,414
Érd,415
Százhalombatta,416
Dunai Finomító,417
Ercsi,418
Iváncsa,419
Pusztaszabolcs,420
Szabadegyháza,421
Sárosd,422
Nagylók,423
Sárbogárd,424
Rétszilas,425
Sáregres,426
Simontornya,427
Tolnanémedi,428
Pincehely,429
Keszőhidegkút-Gyönk,430
Szárazd,431
Regöly,432
Szakály-Hőgyész,433
Dúzs,434
Csibrák,435
Kurd,436
Döbrököz,437
Dombóvár,438
Dombóvár alsó,439
Kapospula,440
Attala,441
Csoma-Szabadi,442
Nagyberki,443
Baté,444
Kaposhomok,445
Taszár,446
Kaposszentjakab,447
Kaposvár,448
Kaposújlak,449
Kaposmérő,450
Kaposfő,451
Kiskorpád,452
Jákó-Nagybajom,453
Kutas,454
Beleg,455
Ötvöskónyi,456
Somogyszob,457
Bolhás,458
Szenta,459
Zrínyitelep,460
Csurgó,461
Porrogszentkirály,462
Gyékényes,463
Adony,464
Kulcs,466
Rácalmás,467
Dunaújváros külső,468
Dunaújváros,469
Újvenyim,471
Mezőfalva,472
Nagykarácsony felső,478
Nagykarácsony,479
Alap,480
Cece,481
Vajta,482
Rétszilas alsó,483
Nagydorog,484
Tengelic,487
Fácánkert,489
Tolna-Mözs,490
Szekszárd-Palánk,491
Szekszárd,492
Őcsény,493
Decs,494
Csikóstőttős,510
Mágocs-Alsómocsolád,511
Szalatnak,512
Máza-Szászvár,514
Váralja,515
Nagymányok,516
Hidas-Bonyhád,517
Mőcsény,519
Bátaszék,522
Pörböly,523
Baja-Dunafürdő,524
Kaposszekcső,525
Vásárosdombó,526
Sásd,527
Godisa,528
Abaliget,529
Hetvehely,530
Bükkösd,531
Cserdi-Helesfa,532
Szentlőrinc,533
Bicsérd,534
Mecsekalja-Cserkút,535
Pécs,536
Pécs-Külváros,537
Pécsbánya-Rendező,538
Pécsudvard,539
Szőkéd,540
Áta,541
Kistótfalu,542
Vokány,543
Palkonya,544
Villánykövesd,545
Villány,546
Magyarbóly,547
Magyarhertelend,548
Magyarszék,549
Mecsekpölöske,550
Mecsekjánosi,551
Komló,553
Királyegyháza-Rigópuszta,554
Sumony,555
Okorág-Kárászpuszta,556
Kákics,557
Palotabozsok,568
Bóly,570
Mohács,571
Sellye,578
Toponár,591
Somogyaszaló,592
Mernye,593
Felsőmocsolád,594
Kisbárapáti,595
Bonnya,596
Andocs,597
Karád,598
Somogymeggyes,599
Kapoly,600
Tab,601
Bábonymegyer,602
Daránypuszta,603
Som-Nagyberény,604
Ádánd,605
Siójut,606
Kapostüskevár,607
Kaposfüred,608
Várda,609
Somogyjád,610
Osztopán,611
Pamuk,612
Somogyvár,613
Öreglak,614
Tatárvár,615
Lengyeltóti,616
Pusztaberény,617
Nagyatád,627
Budapest-Keleti,635
Ferencváros,636
Budapest-Nyugati,637
Kőbánya felső,641
Rákos,642
Rákosrendező,643
Zugló,644
Soroksári út,646
Angyalföld,647
Istvántelek,648
Rákospalota-Újpest,649
Kőbánya alsó,650
Kőbánya-Kispest,652
Pestszentlőrinc,653
Kispest,654
Újpest,655
Pesterzsébet,658
Soroksár,659
Pestszentimre felső,661
Dunakeszi,663
Dunakeszi-Gyártelep,665
Alsógöd,666
Göd,667
Felsőgöd,668
Sződ-Sződliget,669
Vác,670
Verőce,671
Kismaros,672
Nagymaros-Visegrád,673
Nagymaros,674
Zebegény,675
Szob,676
Alagimajor,677
Fót,678
Fótújfalu,679
Csomád,680
Veresegyház,681
Erdőkertes,682
Őrbottyán,683
Váchartyán,684
Magyarkút-Verőce,685
Szokolya,686
Berkenye,687
Nógrád,688
Diósjenő,689
Borsosberény,690
Nagyoroszi,691
Drégelyvár,692
Drégely,693
Drégelypalánk,694
Ipolyvece,695
Dejtár,696
Ipolyszög,697
Iklad-Domony,702
Iklad-Domony felső,703
Galgamácsa,704
Vácrátót,705
Csörög,706
Galgagyörk,707
Püspökhatvan,708
Acsa-Erdőkürt,709
Galgaguta,710
Nógrádkövesd,711
Magyarnándor,712
Mohora,713
Szügy,714
Balassagyarmat,715
Őrhalom,716
Hugyag,717
Szécsény,718
Ludányhalászi,719
Nógrádszakál,720
Ráróspuszta,721
Litke,722
Ipolytarnóc,723
Rákosliget,724
Rákoscsaba-Újtelep,725
Rákoscsaba,726
Pécel,727
Isaszeg,728
Gödöllő,729
Máriabesnyő,730
Bag,731
Aszód,732
Hévízgyörk,733
Galgahévíz,734
Tura,735
Hatvan,736
Hort-Csány,738
Vámosgyörk,739
Adács,740
Karácsond,741
Ludas,742
Nagyút,743
Kál-Kápolna,744
Füzesabony,745
Szihalom,746
Mezőkövesd,747
Mezőkövesd felső,748
Mezőkeresztes-Mezőnyárád,749
Csincse,750
Emőd,751
Nyékládháza,752
Miskolc-Tiszai,754
Felsőzsolca,755
Hernádnémeti-Bőcs,756
Tiszalúc,757
Taktaharkány,758
Taktaszada,759
Szerencs,760
Mezőzombor,761
Tarcal,762
Tokaj,763
Rakamaz,764
Görögszállás,765
Nyírtelek,766
Rákoshegy,767
Ecser,768
Maglód,769
Maglódi nyaraló,770
Gyömrő,771
Mende,772
Szőlősnyaraló,773
Sülysáp,774
Tápiószecső,775
Szentmártonkáta,776
Nagykáta,777
Farmos,778
Tápiószele,779
Tápiógyörgye,780
Újszász,781
Szurdokpüspöki,782
Mátravidéki Erőmű,783
Lőrinci,784
Selyp,785
Apc-Zagyvaszántó,786
Pásztó,787
Mátraszőlős-Hasznos,788
Tar,789
Mátraverebély,790
Nagybátony,791
Kisterenye,792
Kisterenye-Bányatelep,793
Salgótarján külső,794
Zagyvapálfalva,795
Salgótarján,796
Somoskőújfalu,797
Jászfényszaru,798
Pusztamonostor,799
Jászberény,800
Meggyespele,801
Portelek,802
Jászboldogháza-Jánoshida,803
Jászárokszállás,805
Jászdózsa,806
Jászapáti,807
Jászkisér,808
Jászladány,810
Szászberek,811
Gyöngyöshalász,812
Gyöngyös,813
Homokterenye,825
Mátranovák-Homokterenye,826
Erdőtelek,827
Heves,828
Hevesvezekény,829
Tarnaszentmiklós,830
Kisköre,831
Abádszalók,832
Kunhegyes,834
Kenderes,835
Maklár,837
Andornaktálya,838
Eger,839
Egervár,840
Eger-Felnémet,841
Szarvaskő,842
Mónosbél,843
Bélapátfalva,844
Bélapátfalvi Cementgyár,845
Szilvásvárad,846
Hejőkeresztúr,851
Tiszaújváros,852
Miskolc-Gömöri,860
Sajókeresztúr,862
Sajóecseg,863
Sajószentpéter-Piactér,865
Sajószentpéter,866
Berente,867
Kazincbarcika,869
Sajókaza,870
Vadna,871
Dubicsány,872
Putnok,873
Bánréve,874
Sajónémeti,875
Ózd alsó,877
Ózd,878
Alsóboldva,879
Boldva,880
Borsodszirák,881
Edelény alsó,882
Edelény,883
Szendrőlád,884
Szendrő,885
Szendrő felső,886
Szalonna,887
Perkupa,888
Szemeretelep,889
Jósvafő-Aggtelek,890
Bódvaszilas,891
Komjáti,892
Tornanádaska,893
Onga,900
Szikszó-Vásártér,902
Szikszó,903
Aszaló,904
Halmaj,905
Csobád,906
Ináncs,907
Forró-Encs,908
Méra,909
Novajidrány,910
Hernádvécse,911
Hernádszurdok,912
Hidasnémeti,913
Mád,914
Rátka,915
Tállya,916
Golop,917
Abaújszántó,918
Abaújszántói fürdő,919
Abaújkér,920
Boldogkőváralja,921
Korlát-Vizsoly,922
Fony,923
Hejce-Vilmány,924
Göncruszka,925
Gönc,926
Zsujta,927
Bodrogkeresztúr,928
Szegi,929
Erdőbénye,930
Olaszliszka-Tolcsva,931
Bodrogolaszi,932
Sárospatak,933
Sátoraljaújhely,934
Vecsés,935
Vecsés-Kertekalja,936
Üllő,937
Monor,938
Pilis,939
Albertirsa,940
Ceglédbercel-Cserő,941
Cegléd,942
Abony,943
Szolnok,944
Szajol,946
Törökszentmiklós,947
Fegyvernek-Örményes,949
Kisújszállás,951
Karcag,953
Püspökladány,955
Kaba,956
Hajdúszoboszló,957
Ebes,958
Debrecen,959
Debrecen-Csapókert,960
Apafa,961
Bocskaikert,962
Hajdúhadház,963
Téglás,964
Kismicske,965
Újfehértó,966
Nyíregyháza,968
Sóstó,969
Sóstóhegy,970
Kemecse,971
Nyírbogdány,972
Kék,973
Demecser,974
Gégény,975
Pátroha,976
Ajak,977
Kisvárda,978
Kisvárda-Hármasút,979
Fényeslitke,980
Komoró,981
Tuzsér,982
Tiszabezdéd,983
Záhony,984
Karcag-Vásártér,986
Berekfürdő,987
Kunmadaras,988
Tiszaszentimre,989
Tiszaszőlős,990
Hosszúhát,992
Szerep,993
Sárrétudvari,994
Biharnagybajom,995
Füzesgyarmat,996
Füzesgyarmatfürdő,997
Báránd,998
Sáp,999
Berettyóújfalu,1000
Mezőpeterd,1001
Biharkeresztes,1002
Tócóvölgy,1003
Nagyhát,1007
Balmazújváros,1008
Kónya,1009
Hortobágy,1010
Hortobágyi Halastó,1011
Ohat-Pusztakócs,1012
Egyek,1013
Tiszafüred,1014
Poroszló,1015
Kétútköz,1016
Egerfarmos,1017
Mezőtárkány,1018
Józsa,1020
Hajdúszentgyörgy,1021
Zelemér,1022
Hajdúböszörmény,1023
Hajdúvid,1024
Hajdúdorog,1025
Hajdúnánás,1026
Hajdúnánás-Vásártér,1027
Tedej,1028
Tiszavasvári,1029
Egyházerdő,1030
Tiszalök,1040
Hajnalos,1041
Kisfástanya,1042
Tiszaeszlár,1043
Bashalom,1044
Sáránd,1046
Derecske,1047
Derecske-Vásártér,1048
Konyár,1049
Konyári Sóstófürdő,1050
Pocsaj-Esztár,1051
Kismarja,1052
Nagykereki,1053
Debrecen-Szabadságtelep,1058
Debrecen-Kondoros,1059
Nagycsere,1060
Haláp,1061
Vámospércs,1062
Szentannapuszta,1063
Nyírábrány,1064
Dombostanya,1065
Hajdúsámson,1066
Tamásipuszta,1067
Aradványpuszta,1068
Nyíradony,1069
Nyírmihálydi,1070
Nyírgelse,1071
Nyírbogát,1072
Nagykálló,1073
Kállósemjén,1074
Máriapócs,1075
Nyírbátor,1076
Nyírcsászári,1077
Hodász,1078
Nyírmeggyes,1079
Mátészalka,1080
Kocsord,1081
Kocsord alsó,1082
Győrtelek,1083
Győrtelek alsó,1084
Ököritófülpös,1085
Porcsalma-Tyukod,1086
Csenger,1088
Nyíregyháza külső,1092
Oros,1093
Napkor,1094
Apagy,1095
Levelek-Magy,1096
Ófehértó,1097
Ligettanya,1098
Baktalórántháza,1099
Vaja-Rohod,1100
Rákóczitanya,1101
Nyírmada,1102
Tunyogmatolcs,1103
Tunyogmatolcs alsó,1104
Fehérgyarmat,1105
Penyige,1106
Nagyszekeres,1107
Kisszekeres,1108
Jánkmajtis,1109
Gacsály,1110
Zajta,1111
Eperjeske alsó,1113
Mándok,1114
Tornyospálca,1115
Aranyosapáti,1116
Gyüre,1117
Kisvarsány,1118
Vásárosnamény,1119
Vitka,1120
Nagydobos,1121
Ópályi,1122
Nyírcsaholy,1123
Nagyecsed,1124
Tiborszállás,1125
Dunaharaszti,1127
Taksony,1128
Dunavarsány,1129
Délegyháza,1130
Kiskunlacháza,1132
Dömsöd,1133
Kunszentmiklós-Tass,1134
Bösztör,1135
Szabadszállás,1136
Fülöpszállás,1137
Soltszentimre,1138
Csengőd,1139
Kiskőrös,1140
Soltvadkert,1142
Pirtói szőlők,1143
Pirtó,1144
Kiskunhalas,1145
Balotaszállás,1146
Kisszállás,1147
Tompa,1148
Kelebia,1149
Kecskemét alsó,1164
Kunfehértó,1168
Erdőszél,1169
Jánoshalma,1170
Mélykút,1171
Bácsalmás,1172
Almás,1173
Bácsbokod-Bácsborsód,1175
Baja,1178
Harkakötöny,1180
Tajó,1181
Kiskunmajsa,1182
Jászszentlászló,1183
Galambos,1184
Pestszentimre,1185
Gyál felső,1186
Gyál,1187
Ócsa,1188
Inárcs-Kakucs,1189
Dabas,1190
Gyón,1191
Hernád,1192
Örkény,1193
Táborfalva,1194
Felsőlajos,1195
Lajosmizse,1196
Lajosmizse alsó,1197
Klábertelep,1198
Méntelek,1199
Hetényegyháza,1200
Kecskemét-Máriaváros,1201
Nyársapát,1202
Nagykőrös,1203
Katonatelep,1204
Kecskemét,1205
Városföld,1206
Kiskunfélegyháza,1207
Petőfiszállás,1208
Csengele,1209
Kistelek,1210
Balástya,1211
Szatymaz,1212
Kiskundorozsma,1213
Szeged,1215
Alsóúrrét,1216
Nyárlőrinc,1217
Világoshegy,1218
Szikra,1219
Lakitelek,1220
Tiszaug,1221
Tiszasas,1222
Csépa,1223
Szelevény,1224
Gátér,1225
Kónyaszék,1226
Csongrád,1227
Hékéd,1228
Fábiánsebestyén,1229
Gádoros,1230
Justhmajor,1231
Szentetornya,1232
Gyopárosfürdő,1233
Röszke,1248
Tószeg,1250
Tiszavárkony,1251
Tiszajenő-Vezseny,1252
Újbög,1253
Tiszakécske,1254
Kerekdomb,1255
Tiszaalpár,1256
Tiszaalpár alsó,1257
Tiszatenyő,1258
Pusztapó,1259
Kétpó,1260
Csugar,1261
Mezőtúr,1262
Nagylapos,1263
Gyoma,1264
Csárdaszállás,1265
Mezőberény,1266
Murony,1267
Békéscsaba,1269
Szabadkígyós,1270
Kétegyháza,1271
Lőkösháza,1272
Kengyel,1273
Bagimajor,1274
Martfű,1275
Tiszaföldvár,1276
Homok,1277
Kungyalu,1278
Kunszentmárton,1279
Nagytőke,1281
Kistőke,1282
Szentes,1283
Szegvár,1284
Mindszent,1285
Mártély,1286
Pusztabánréve,1287
Szarvas,1288
Csabacsűd,1289
Kisszénás,1290
Kiscsákó,1292
Nagyszénás,1294
Kardoskút,1297
Tótkomlós,1299
Nagyér,1300
Pitvaros,1301
Dévaványa,1302
Körösladány,1304
Szeghalom,1305
Vésztő,1306
Szeged-Rókus,1313
Algyő,1314
Hódmezővásárhelyi Népkert,1316
Hódmezővásárhely,1317
Kútvölgy,1318
Székkutas,1319
Orosháza,1321
Orosházi tanyák,1322
Csorvás,1323
Csorvás alsó,1324
Telekgerendás,1325
Fürjes,1326
Fényes,1327
Bicere,1328
Gyula,1329
József Szanatórium,1331
Sarkadi Cukorgyár,1332
Sarkad,1333
Kötegyán,1334
Méhkerék,1335
Sarkadkeresztúr,1336
Okány,1337
Újszeged,1338
Szőreg,1339
Deszk,1340
Kiszombor,1342
Kiszombor megálló,1343
Makó,1344
Apátfalva,1345
Magyarcsanád,1346
Nagylak,1347
Nagylaki Kendergyár,1348
Csanádpalota,1349
Mezőhegyes,1350
Végegyháza,1351
Mezőkovácsháza,1352
Mezőkovácsháza felső,1353
Magyarbánhegyes,1354
Medgyesegyháza,1355
Bánkút,1356
Belsőperegpuszta,1357
Battonya,1358
Cinkota,1382
Csömör,1383
Kerepes,1384
Mogyoród,1385
Felsőjánosfa,1436
Pankasz,1437
Nagyrákos,1438
Őriszentpéter,1439
Törökbálint,1442
Bicske alsó,1446
Bajánsenye,1450
Piliscsév,1453
Tát,1454
Süttő felső,1456
Budatétény,1476
Seregélyes-Szőlőhegy,1477
Gödöllő-Állami telepek,1480
Dunakeszi alsó,1495
Vác-Alsóváros,1498
Dömösi átkelés,1501
Szob alsó,1502
Várhegyalja,1505
Rákospalota-Kertváros,1508
Táskai elágazás,1509
Táska,1513
Vicziántelep,1521
Máriaudvar,1528
Rudnaykert,1534
Székesfehérvár-Repülőtér,1535
Bánhida,1538
Magyarkút,1540
Becske alsó,1544
Hosszúberek-Péteri,1545
Monorierdő,1546
Ceglédbercel,1554
Budai út,1556
Pázmáneum,1564
Büdöskútpuszta,1565
Bánrévei Vízmű,1567
Rákoskert,1574
Szirmabesenyő,1584
Kitérőgyár,1613
Tápiószentmárton,1622
Zagyvarékas,1624
Abonyi út,1627
Dunaharaszti alsó,1628
Jászkisér felső,1635
Szellőhát,1636
Bánhalma Halastó,1639
Szilvásvárad-Szalajkavölgy,1641
Vásárosnamény külső,1650
Nagycsécs,1660
Újváros,1671
Városi park,1674
Belsőkamaráspuszta,1681
Sajószöged,1683
Kazincbarcika alsó,1686
Nyárjas,1689
Pogonyipuszta,1697
Sióvölgy,1703
Répáspuszta,1725
Virányos,1736
Füzesbokor,1737
Kisköre-Tiszahíd,1741
Rozsály,1751
Pusztakettős,1752
Kisvác,1753
Tiszafüred-Gyártelep,1754
Újkenéz,1763
Tisztavíz,1764
Püspökladány-Vásártér,1781
Végegyháza alsó,1783
Orosháza felső,1784
Ambrózfalva,1786
Alsónyék,1788
Tompapuszta,1789
Halászlak,1790
Sirató,1791
Csabacsűd felső,1792
Orosháza-Üveggyár,1794
Gyulai Városerdő,1797
Kórógyszentgyörgy,1800
Kunszállás,1805
Selymes,1806
Petőfiszállási tanyák,1807
Kisteleki szőlők,1808
Kapitányság,1809
Őszeszék,1810
Vilmaszállás,1811
Jánosszállás,1812
Felsőpakony,1813
Felsőméntelek,1815
Alsóméntelek,1816
Úrihegy,1818
Miklóstelep,1820
Tiszajenő alsó,1821
Óbög,1822
Árpádszállás,1823
Tőserdő,1824
Tiszaalpár felső,1825
Borsihalom,1826
Kismindszenti út,1827
Petőfiváros,1828
Csorna,1829
Kisfái,1830
Nyárlőrinci szőlők,1831
Nyárlőrinc alsó,1832
Tiszaug-Tiszahídfő,1834
Csongrádi úti tanyák,1836
Kettőshalom,1837
Csongrád alsó,1838
Donát,1841
Pusztatemplom,1842
Tabdi,1844
Előhát,1847
Polgárdi-Tekerespuszta,1882
Szatina-Kishajmás,1886
Márok,1887
Nagynyárád,1888
Bodolyabér,1889
Szászvár,1891
Cikó,1892
Gyöngyfa-Magyarmecske,1896
Horvátnádalja,1905
Bakonygyirót,1910
Vinye,1911
Nemesgörzsöny,1912
Rábahíd,1913
Öskü,1914
Márkó,1917
Nemeskocs,1918
Nyírlak,1921
Zalagyömörő,1922
Rigács,1923
Kemenespálfa,1924
Lentiszombathely,1926
Ortaháza,1927
Rádiháza,1928
Baktüttös,1929
Budafa,1931
Zalapatakalja,1932
Tormásliget,1933
Belecska,1937
Almár,1940
Szentkozma,1941
Ceglédi szállások,1942
Raposka,1947
Ivacs,1958
Barca,1959
Szorgalmatos,1962
Haris,1963
Fótfürdő,1965
Fenyveshegy,1966
Episcopia Bihor,1980
Salonta,1981
Curtici,1982
Valea lui Mihai,1988
Berveni,1992
Carei,1993
Eszeny,2000
Balatonfőkajár felső,2027
Piroska,2028
Somodor,2039
Középmező,2042
Jobbágyi,2052
Szalovka,2059
Kalonda z.,2087
Mikusovce z.,2089
Malé Straciny,2091
Siatorská Bukovinka z.,2096
Zsófialiget,2153
Szilasliget,2154
Alba-Iulia,2270
Alesd,2271
Oradea,2273
Baia Mare,2278
Blaj,2279
Brasov,2296
Bucuresti Nord,2309
Ciceu,2315
Cluj Napoca,2316
Constanta,2317
Craiova,2318
Csíkszereda,2320
Deda,2323
Dej-Calatori,2324
Deva,2325
Drobeta-Turnu Severin,2331
Fagaras,2340
Giurgiu Nord,2356
Gheorghieni,2362
Jibou,2380
Caransebes,2382
Copsa Mica,2389
Lugoj,2418
Tirgu Mures,2428
Medias,2431
Sibiu,2441
Neusiedl am See,2449
Orsova,2457
Simeria,2471
Ploiesti Vest,2473
Predeal,2482
Razboieni,2487
Sármásag,2497
Sighisoara,2506
Sfintu Gheorghe,2508
Sinaia,2509
Satu Mare,2520
Timisoara Nord,2524
Zalau,2558
Arad,2585
Ploiesti Süd,2586
Huedin,2587
Vatra Dornei B.,2602
Iasi,2603
Petrosani,2746
Targu Jiu,2747
Caracal,2748
Rosiori Nord,2749
Hodos Gr.,2881
Bánréve Gr.,2882
Biharkeresztes Gr.,2883
Koprivnica Gr.,2884
Hegyeshalom Gr.,2885
Cana Gr.,2886
Subotica Gr.,2887
Komárom Gr.,2888
Salonta Gr.,2889
Curtici Gr.,2890
Magyarbóly Gr.,2891
Kotoriba Gr.,2892
Nyírábrány Gr.,2893
Rajka Gr.,2894
Röszke Gr.,2895
Sátoraljaújhely Gr.,2896
Filakovo Gr.,2897
Sopron Gr.,2898
Szentgotthárd Gr.,2899
Szob Gr.,2900
Záhony Gr.,2901
Carei Gr.,2964
Ipolytarnóc Gr.,2965
Nógrádszakál Gr.,2966
Pamhagen Gr.,2967
Baile Herculane,2968
Baile Tusnad,2969
Toplita,2977
Videle,2979
Gols,2982
Mönchhof-Halbturn,2983
St. Andre am Zicksee,2987
Weiden am See,2988
Tokodi elágazás,2989
K. SZ. G. ipvk.,2991
Visontai kombinát,2993
Sóstóhegy elágazás,2994
Eger-Rendező elágazás,2995
Tihamér elágazás,2996
Szuhakálló elágazás,2997
Recsk-Kőrakodó,2998
Liszkóvölgyi IPVK.,2999
Kisterenye Vasötvözetgy. IP,3000
Putnok elágazás,3001
Center elágazás,3002
Ózd külső,3003
Sajószentpéter BVK,3004
Berente elágazás,3005
Miskolci Mészkőbánya,3006
Törökszentmiklós elágazás,3007
Záhony-Rendező,3008
Fényeslitke-á Rend Elág,3009
Fényeslitke-Déli Rendező,3010
Északi kitérő,3011
Eperjeske-Rendező,3012
Tornyospálcsa átrakó,3013
Fehérolaj átfejtő IPV,3014
Nagykálló elágazás,3015
Fehérolaj átfejtő IPVK,3016
Tiszatenyő elágazás,3017
Városföld elágazás,3018
Harkakötöny elágazás,3019
Makó elágazás,3020
Murony elágazás,3021
Nyárlőrinic elágazás,3022
Kunszentmárton elágazás,3023
Telekgerendás elág.,3024
Gyékényes-Kavicsbánya,3025
Villány elág.,3026
Mezőfalva elág.,3027
Balatonmáriafürdő elágazás,3028
Dombóvár elágazás,3029
Hirdi IPVK.,3030
Balatonszentgyögy elág.,3031
Celldömölk-Rendező,3032
Lepsény Gabonaforg. IPVK.,3033
Szombathely Rendező,3034
Hodos Sz,3035
Tuzsér (Széles),3037
Záhony elágazás (széles),3038
Záhony (széles),3039
Eperjeske Rend. elág. (sz),3040
Eperjeske-Rendező (széles),3041
Tornyospálca átrakó (széles,3042
Izsák elágazás,3043
Balotaszállás elágazás,3044
Zalaszentiván elágazás,3045
Andráshida elágazás,3046
Vinári elágazás,3047
Baja-Dunapart kiág.,3048
KABERNET COOP IPVK.,3049
Tószegi elágazás,3050
Szolnok Kénsavgyár elág.,3051
Nyársapát elágazás,3052
Kőbánya kiágazás,3053
Budapest-Ferencváros K. Ren,3054
Fényeslitke-ászaki Rendező,3055
Szalkszentmáron élágazás,3056
Bösztöri elégazás,3057
Csengőd elágazás,3058
Hűvösvölgy,3070
Hárshegy,3071
Szépjuhászné,3072
Jánoshegy,3073
Virágvölgy,3074
Csillebérc,3075
Normafa,3076
Széchenyi-hegy,3077
Kunfehértó elágazás,3078
Bükkábrány,3079
Szárligeti elágazás,3080
Tatabányai elágazás,3081
Fatároló IPVK (széles),3082
Szolnok K indító,3083
Kőbánya felsői elág.,3084
Csisztai elágazsás,3086
Fehérpusztai elágazás,3087
Pamhagen-Pomogy,3093
SZBEK,3099
MHR,3100
MAVRES,3101
Miskolc Menetjegyiroda,3102
Pécs  Menetjegyiroda,3103
Debrecen  Menetjegyiroda,3104
Szombathely Menetjegyiroda,3105
Békéscsaba Menetjegyiroda,3107
Szeged Menetjegyiroda,3108
Kaposvár Menetjegyiroda,3109
Zalaegerszeg  Menetjegyiroda,3110
Szolnok Menetjegyiroda,3111
Nyíregyház IBUSZ,3112
Pécs IBUSZ,3113
Siófok IBUSZ,3114
Badapest IBUSZ Főiroda,3116
Székesfehésvár IBUSZ,3117
Tatabánya IBUSZ,3119
Békéscsaba IBUSZ,3120
Debrecen IBUSZ,3121
Dunaújváros IBUSZ,3122
Eger IBUSZ,3123
Győr IBUSZ,3126
Kecskemét IBUSZ,3129
Budapest IBUSZ Légiforgalom,3130
Miskolc IBUSZ,3132
Budapest AEROVIVA,3133
Budapest BLAGUS,3134
Budapest CWT,3135
Budapest EXPRESS,3136
Budapest Locomotív Travel,3137
Budapest OTP Travel,3138
Nyíregyháza OTP Travel,3139
Keszthely OTP Travel,3140
Budapest Exculis Tours,3141
Budapest Wastels,3143
Nyíregyháza Utas Tours,3144
MáV BTLK MeCs,3145
PSZBEK,3146
KSZFO,3147
Utasellátó Központ,3149
Budapest-Keleti JKA,3150
Budapest-Déli JKA,3151
Budapest-Nyugati JKA,3152
TSZK Budapest,3153
TSZK Miskolc,3154
TSZK Debrecen,3155
TSZK Szombathely,3156
TSZK Pécs,3157
TSZK Szeged,3158
PSZSZE Miskolc,3159
PSZSZE Debrecen,3160
PSZSZE Záhony,3161
PSZSZE Szeged,3162
PSZSZE Pécs,3163
PSZSZE Szombathely,3164
SZESZA Kontrolling Főosztál,3165
SZESZA ázemeltetési Főosztá,3166
SZESZA Marketing Főosztály,3167
GySEV SZESZA,3169
PSZSZE Budapest,3171
Komárom-Rendező,5929
Győr-Rendező,5930
Lovasberény,5931
Dudarbánya,5932
Balinka,5933
Pusztavám,5934
Bonyhád,5935
Véménd,5936
Hidvégradó Gr.,5937
Eperjeske Gr.,5938
Kőbánya-Teher,5939
Kőbánya-Hízlaló,5940
Dunakesz-Főműhely,5941
Soroksár-Terminál,5942
Miskolc-Rendező,5945
Borsodi ércmű,5946
Diósgyőr-Vasgyár,5947
Miskolc-Repülőtér,5948
Berente-Rendező,5949
Hidvégradó,5950
Szolnok-Teher,5951
Eperjeske-átrakó,5952
Baja-Dunapart,5953
Szeged-Rendező,5954
Nyíregyháza-átrakó,5955
Pécsbánya felső pu. IPV,5956
Pécsbánya Széchenyi akna IP,5957
Angyalföld elágazás,5958
Rákos elágazás,5959
Ferencváros elágazás,5960
Vasúttörténeti Park,5961
Budapest-Ferencváros Ny. Re,5962
Városligeti elágazás,5963
Budapest Soroksári út Rende,5964
Rendezői elágazás,5965
Solymári elágazás,5966
Kispest elágazás,5967
Pestszentimre felső elágazá,5968
DCM elágazás,5969
DCM IPV.,5970
Újszász elágazás,5971
Szolnok A elágazás,5972
Szolnok B elágazás,5973
Szolnok C elágazás,5974
Szolnok D elágazás,5975
Szolnok E elágazás,5976
Szolnok-Rendező,5977
Paládicspuszta elágazás,5978
Abony elágazás,5979
Hatvani B elágazás,5980
Hatvani D elágazás,5981
Hatvan-Rendező,5982
Hatvani C elágazás,5983
Hatvani A elágazás,5984
Érd elágazás,5985
ISG ipv. kiág.,5986
Győrszentiváni elágazás,5987
Győrszebadhegy elágazás,5988
Barosstelep,5989
Ferihegy,5990
Budapest Közlöny Centrum,5991
Neckermann Bp. Szt. István krt.,5992
Szeged Egyetem,5994
Debrecen Egyetem,5995
Nyíregyháza Főiskola,5996
Budapest ELTE,5997
Budapest BME,5998
Győr Egyetem,5999
Miskolc Egyetem,6000
Pécs Egyetem,6001
Neckermann Bp. Batthyány tér,6003
Turisztikai Hivatal Ferihegy 1,6004
Budapest Menetjegyiroda,6005
Vasútmúzeum,6006
Budapesti Corvinus Egyetem,6007
Dinnyés,6008
Vidám Delfin Kft. Nyíregyháza,6009
Kelenföld JKA,6010
Ferihegy JKA,6011
Pestszentlőrinc JKA,6012
Sáferkút,6013
Égerláp,6014
Szabadságliget,6015
Nyíregyháza - Forever Car,6016
Utazás kiállítás 2012,6017
Hegyeshalom,6018
Rajka,6019
Porpác,6020
Vép,6021
Szombathely,6022
Mosonszolnok,6023
Jánossomorja,6024
Hanság-Nagyerdő,6025
Bősárkány,6026
Szil-Sopronnémeti,6027
Magyarkeresztúr-Zsebeháza,6028
Páli-Vadosfa,6029
Beled,6030
Dénesfa,6031
Csánig,6032
Répcelak,6033
Vámoscsalád,6034
Vasegerszeg,6035
Hegyfalu,6036
Pósfa,6037
Ölbő-Alsószeleste,6038
Sorkifalud,6039
Szentléránt,6040
Püspökmolnári,6041
Vasvár,6042
Pácsony,6043
Győrvár,6044
Egervár-Vasboldogasszony,6045
Zalaszentlőrinc,6046
Zalaszentiván,6047
Gencsapáti alsó,6048
Gyöngyösfalu,6049
Lukácsháza,6050
Kőszeg,6051
Hanságliget,6052
Vica,6053
Gencsapáti felső,6054
Lukácsháza alsó,6055
Kőszegfalva,6056
Gyöngyöshermán,6057
Bezenye,6058
Kámon,6059
Pázmáneum Egyetem,6060
Balatonfenyves GV,6061
Imremajor,6062
Pálmajor,6063
Somogyszentpál felső,6064
Somogyszentpál,6065
Budatétény PA,6066
Budaörs PA,6067
Felsőpakony PA,6068
Fótújfalu PA,6069
Solymár PA,6070
Vác-Alsóváros PA,6071
Kengyel PA,6073
Érdliget PA,6074
Pusztaszentistván,6098
Fonyódliget PA,6099
Ábrahámhegy PA,6100
Csopak PA,6101
Balatongyörök PA,6103
Kastélypark,6104
Magdolnavölgy,6105
Szob alsó PA,6106
Konyár PA,6107
Pocsaj-Esztár PA,6108
Corvinus Budapest - PE,6111
VD Főisk. Nyíregyháza - PE,6112
Monor JKA,6113
Óbuda Egyetem Bp. - PE,6114
Szabadifürdő PA,6116
Balatonszéplak felső PA,6117
Balatonakali-Dörgicse PA,6119
Badacsonytomaj PA,6120
Velencefürdő PA,6122
Keleti Károly H. K. Bp. - PE,6123
Kismarja PA,6124
Vecsés-Kertekalja PA,6125
Kelenföld BKK Ügyf.kp. - PE,6126
Aranyvölgy,6127
Szélhegy,6128
Vörösvárbánya,6129
Aquincum,6130
Csittényhegy,6131
Gyenesdiás PA,6132
DATA-PRESS Angyalföld,6133
DATA-PRESS Aquincum,6134
DATA-PRESS Óbuda,6135
DATA-PRESS Aranyvölgy,6136
DATA-PRESS Üröm,6137
DATA-PRESS Szélhegy,6138
DATA-PRESS Vörösvárbánya,6139
DATA-PRESS Szabadságliget,6140
DATA-PRESS Magdolnavölgy,6141
DATA-PRESS Pilisjászfalu,6142
DATA-PRESS Piliscsév,6143
DATA-PRESS Esztergom-Kertváros,6144
Tiszaföldvár PA,6145
PA1-Balatonszepezd,6146
PA-Leányvár,6147
PA1-Solymár,6148
PA-Klotildliget,6149
PA-Pázmáneum,6150
PA1-Szob alsó,6151
PA1-Vác-Alsóváros,6152
PA1-Fótújfalu,6153
PA1-Érdliget,6154
PA1-Rákosrendező,6155
Mobil jegykiadó 1,6156
Mobil jegykiadó 2,6157
Martfű PA,6158
Balatonmáriafürdő alsó PA,6161
Balatonszepezd PA,6162
Balatonfűzfő PA,6163
Vecsés-Kertekalja PA,6164
Máriahullámtelep,6165
Máriaszőlőtelep,6166
DATA-PRESS Pázmáneum,6167
GYSEV-virtuális Sopron,6170
GYSEV-Budapest,6171
GYSEV-virtuális Szombathely,6172
Püspökmolnári autóbusz-forduló,7000
Nádasd,7001
Zalaegerszeg,7002
Bagod,7003
Hagyárosbörönd,7004
Márkus,7005
Hegyhátsál,7006
Katafa,7007
"Körmend, Hunyadi u.",7008
Hegyháthodász elág,7009
Neusiedl am See,7011
Gols,7012
Mönchhof,7013
Frauenkirchen,7014
